{
  "title": "DO YOU OWN YOUR HOME?",
  "type": "quest",
  "content": "<p>dsfdfgfd</p>",
  "children": [
    {
      "title": "YES",
      "type": "choice",
      "content": "<p>dsadfdsgdfhg</p>",
      "children": [
        {
          "title": "IS YOUR HOME SINGLE, SEMI-DETACHED OTHER?",
          "type": "quest",
          "children": [
            {
              "title": "SINGLE &amp; SEMI-DETACHED",
              "type": "choice",
              "children": [
                {
                  "title": "DO YOU CURRENTLY HAVE A HEAT PUMP AND LOOKING TO INSTALL ANOTHER ?",
                  "type": "quest",
                  "children": [
                    {
                      "title": "NO",
                      "type": "choice",
                      "children": [
                        {
                          "title": "HOW MANY PEOPLE LIVE IN YOUR HOME?",
                          "type": "math",
                          "children": []
                        }
                      ]
                    },
                    {
                      "title": "YES",
                      "type": "choice",
                      "children": [
                        {
                          "title": "HEATING SYSTEM REBATES + EPI",
                          "type": "result",
                          "children": []
                        }
                      ]
                    }
                  ]
                }
              ]
            },
            {
              "title": "OTHER",
              "type": "choice",
              "content": "<p><br></p>",
              "children": [
                {
                  "title": "INSTANT SAVINGS + API",
                  "type": "choice",
                  "content": "<p>fdsfdsfgfd</p>",
                  "children": [
                    {
                      "title": "dsafdsfds",
                      "type": "choice",
                      "content": "<p>fdsfsdf</p>",
                      "children": [
                        {
                          "title": "123213",
                          "type": "result",
                          "content": "<p>dfsgdfgdfgdf</p>",
                          "children": []
                        }
                      ]
                    },
                    {
                      "title": "dsgdfgfd",
                      "type": "choice",
                      "content": "<p>dsgfdfgdf</p>",
                      "children": []
                    }
                  ]
                }
              ]
            }
          ]
        }
      ]
    },
    {
      "title": "NO",
      "type": "choice",
      "content": "<p><br></p>",
      "children": [
        {
          "title": "INSTANT SAVINGS + API",
          "type": "result",
          "content": "<p><br></p>",
          "children": []
        }
      ]
    },
    {
      "title": "test1234",
      "type": "quest",
      "content": "<p>fdsgfdgdf</p>",
      "children": [
        {
          "title": "Yes",
          "type": "choice",
          "content": "<p>No no no</p>",
          "children": []
        }
      ]
    }
  ]
}